{
    "name": "loaders-modernized",
    "version": "0.8.1",
    "title": "Loaders Modernized",
    "description": "Compact 1x1 loader requiring power.",
    "author": "kryojenik",
    "contact": "https://github.com/kryojenik/loaders-modernized",
    "homepage": "https://github.com/kryojenik/loaders-modernized",
    "source": "https://github.com/kryojenik/loaders-modernized",
    "factorio_version": "2.0",
    "dependencies": [
        "base >= 2.0.15",
        "flib >= 0.15.0",
        "? space-age >= 2.0.15",
        "? UltimateBeltsSpaceAge",
        "? 5dim_transport",
        "? aai-industry",
        "? SchallBeltConfiguration"
    ],
    "package": {
        "git_publish_branch": "main",
        "ignore": [
            "TODO.md",
            "types.lua",
            "screenshots/*"
        ],
        "sync_portal_details": false,
        "no_git_push": true
    }
}
